Serial number, link, number of nodes
0,https://raw.githubusercontent.com/aiboboxx/v2rayfree/main/v2,186
1,https://raw.githubusercontent.com/Ruk1ng001/freeSub/main/clash.yaml,257
2,https://raw.githubusercontent.com/ripaojiedian/freenode/main/clash,23
3,https://raw.githubusercontent.com/zhangkaiitugithub/passcro/main/speednodes.yaml,181
4,https://raw.githubusercontent.com/vxiaov/free_proxies/main/clash/clash.provider.yaml,58
5,https://raw.githubusercontent.com/mksshare/mksshare.github.io/main/README.md,40
6,https://raw.githubusercontent.com/mkshare3/mkshare3.github.io/main/README.md,40
7,https://raw.githubusercontent.com/abshare/abshare.github.io/main/README.md,39
8,https://raw.githubusercontent.com/toshare5/toshare5.github.io/main/README.md,41
9,https://raw.githubusercontent.com/Alvin9999/pac2/master/clash.meta2/15/config.yaml,100
10,https://raw.githubusercontent.com/Surfboardv2ray/TGParse/main/python/hysteria2,56
11,https://raw.githubusercontent.com/Surfboardv2ray/TGParse/main/python/ss,698
12,https://raw.githubusercontent.com/Surfboardv2ray/TGParse/main/python/trojan,117
13,https://nodefree.githubrowcontent.com/%Y/%m/%Y%m%d.yaml,20
14,https://v2rayshare.githubrowcontent.com/%Y/%m/%Y%m%d.yaml,20
15,https://gitlab.com/colloq168/nodefiltrate/-/raw/main/filtrate?ref_type=heads,23
16,https://free.datiya.com/uploads/%Y%m%d-clash.yaml,0
17,https://t.me/s/PrivateVPNs,17

Total,,1111
