index, link, unique/unsupported/fetched
0,results/output/all.yml,7302/0/7302
1,https://pm.enjoy.cloudns.biz/api/v1/subscribe?token=l0b4i8i44u2kzlbh&target=clash&list=1,63/0/117
2,https://pm.enjoy.cloudns.biz/api/v1/subscribe?token=l0b4i8i44u2kzlbh&target=clash&list=1,43/0/101
3,https://pm.enjoy.cloudns.biz/api/v1/subscribe?token=l0b4i8i44u2kzlbh&target=clash&list=1,48/0/101
4,https://raw.githubusercontent.com/linzjian666/chromego_extractor/main/outputs/clash_meta.yaml,2/0/5
5,https://raw.githubusercontent.com/peasoft/NoMoreWalls/master/list.meta.yml,130/0/448
6,https://raw.githubusercontent.com/free18/v2ray/main/c.yaml,130/0/195
7,https://raw.githubusercontent.com/Barabama/FreeNodes/main/nodes/clashmeta.yaml,9/0/18
8,https://raw.githubusercontent.com/ermaozi/get_subscribe/main/subscribe/clash.yml,3/0/9
9,https://raw.githubusercontent.com/Ruk1ng001/freeSub/main/clash.yaml,132/0/300
10,https://raw.githubusercontent.com/ripaojiedian/freenode/main/clash,0/0/23
11,https://raw.githubusercontent.com/zhangkaiitugithub/passcro/main/speednodes.yaml,0/0/317
12,https://raw.githubusercontent.com/vxiaov/free_proxies/main/clash/clash.provider.yaml,17/0/29
13,https://raw.githubusercontent.com/mahdibland/V2RayAggregator/master/sub/sub_merge_yaml.yml,700/0/1024
14,https://nodefree.githubrowcontent.com/%Y/%m/%Y%m%d.yaml,2/0/16
15,https://node.freeclashnode.com/uploads/%Y/%m/0-%Y%m%d.yaml,0/0/0
16,https://node.freeclashnode.com/uploads/%Y/%m/1-%Y%m%d.yaml,0/0/0
17,https://node.freeclashnode.com/uploads/%Y/%m/2-%Y%m%d.yaml,0/0/0
18,https://node.freeclashnode.com/uploads/%Y/%m/3-%Y%m%d.yaml,0/0/0
19,https://v2rayshare.githubrowcontent.com/%Y/%m/%Y%m%d.yaml,0/0/16
20,https://gitlab.com/colloq168/nodefiltrate/-/raw/main/all.yaml?ref_type=heads,0/0/0
21,https://free.datiya.com/uploads/%Y%m%d-clash.yaml,2/0/20
22,https://raw.githubusercontent.com/lagzian/SS-Collector/main/vmess_clash.yaml,13/0/30
23,https://raw.githubusercontent.com/lagzian/SS-Collector/main/reality_clash.yaml,59/2/62
24,https://raw.githubusercontent.com/lagzian/SS-Collector/main/vmess_tvc_clash.yaml,37/0/42
25,https://raw.githubusercontent.com/lagzian/SS-Collector/main/backup_clash.yaml,75/15/90
26,https://raw.githubusercontent.com/MrMohebi/xray-proxy-grabber-telegram/master/collected-proxies/clash-meta/actives_under_1000ms.yaml,26/0/30
27,https://raw.githubusercontent.com/MrMohebi/xray-proxy-grabber-telegram/master/collected-proxies/clash-meta/actives_under_1500ms.yaml,4/0/34
28,https://raw.githubusercontent.com/qianlima8888/autoClashProxy/main/list.yaml,11/0/88
29,https://raw.githubusercontent.com/lagzian/SS-Collector/main/VLESS/VL100.txt,85/0/100
30,https://raw.githubusercontent.com/aiboboxx/v2rayfree/main/v2,3/0/447
31,https://raw.githubusercontent.com/Mahdi0024/ProxyCollector/master/sub/proxies.txt,2/0/12
32,https://raw.githubusercontent.com/awesome-vpn/awesome-vpn/master/all,5/0/96
33,https://raw.githubusercontent.com/Pawdroid/Free-servers/main/sub,0/0/71
34,https://raw.githubusercontent.com/roosterkid/openproxylist/main/V2RAY_RAW.txt,50/0/150
35,https://raw.githubusercontent.com/Surfboardv2ray/TGParse/main/python/hysteria2,2/0/49
36,https://raw.githubusercontent.com/Surfboardv2ray/TGParse/main/python/ss,424/2/1432
37,https://raw.githubusercontent.com/Surfboardv2ray/TGParse/main/python/trojan,259/0/349
38,https://raw.githubusercontent.com/Surfboardv2ray/TGParse/main/python/vless,104/1/199
39,https://raw.githubusercontent.com/Surfboardv2ray/TGParse/main/python/vmess,536/6/880
40,https://raw.githubusercontent.com/Leon406/SubCrawler/main/sub/share/vless,151/0/199
41,https://raw.githubusercontent.com/mfuu/v2ray/master/master/clash.yaml,0/0/0
42,https://raw.githubusercontent.com/Flik6/getNode/main/v2ray.txt,0/0/0
43,https://raw.githubusercontent.com/Leon406/SubCrawler/main/sub/share/hysteria2,13/0/19
44,https://raw.githubusercontent.com/Leon406/SubCrawler/main/sub/share/a11,76/0/199
45,https://raw.githubusercontent.com/dream4network/telegram-configs-collector/main/protocols/hysteria,1/3/18
46,https://raw.githubusercontent.com/dream4network/telegram-configs-collector/main/protocols/vmess,0/2/9
47,https://raw.githubusercontent.com/dream4network/telegram-configs-collector/main/protocols/vless,3/0/15
48,https://raw.githubusercontent.com/dream4network/telegram-configs-collector/main/protocols/shadowsocks,0/2/29
49,https://raw.githubusercontent.com/dream4network/telegram-configs-collector/main/protocols/reality,3/0/10
50,https://raw.githubusercontent.com/Epodonios/v2ray-configs/main/Splitted-By-Protocol/trojan.txt,36/0/519
51,https://raw.githubusercontent.com/Joker-funland/V2ray-configs/main/config.txt,0/0/0
52,https://raw.githubusercontent.com/miladtahanian/V2RayCFGDumper/main/config.txt,54/0/69
53,https://raw.githubusercontent.com/Epodonios/v2ray-configs/main/Splitted-By-Protocol/vmess.txt,153/1/1247
54,https://raw.githubusercontent.com/Epodonios/v2ray-configs/main/Splitted-By-Protocol/ssr.txt,0/0/4
55,https://raw.githubusercontent.com/Epodonios/v2ray-configs/main/Splitted-By-Protocol/ss.txt,29/1/1787
56,https://raw.githubusercontent.com/ALIILAPRO/v2rayNG-Config/main/sub.txt,18/0/45
57,https://raw.githubusercontent.com/ts-sf/fly/main/clash,2/0/70
58,https://raw.githubusercontent.com/ronghuaxueleng/get_v2/main/pub/combine.yaml,163/3/187
59,https://raw.githubusercontent.com/anaer/Sub/main/clash.yaml,0/0/116
60,https://proxy.crazygeeky.com/clash/proxies,0/0/0
61,https://proxypool.link/clash/proxies,60/0/262
62,https://pxypool.131433.xyz/clash/proxies,7/0/37
63,https://raw.githubusercontent.com/acymz/AutoVPN/main/data/V2.txt,0/1/997
64,https://www.xrayvip.com/free.txt,0/0/31
65,https://raw.githubusercontent.com/itxve/fetch-clash-node/main/node/merge.yaml,55/0/87
66,https://raw.githubusercontent.com/yuan2pro/sub_merge/main/sub/merged_proxies_1.yaml,661/0/1000
67,https://raw.githubusercontent.com/yuan2pro/sub_merge/main/sub/merged_proxies_2.yaml,706/0/1000
68,https://raw.githubusercontent.com/yuan2pro/sub_merge/main/sub/merged_proxies_3.yaml,650/0/1000
69,https://raw.githubusercontent.com/yuan2pro/sub_merge/main/sub/merged_proxies_4.yaml,719/0/1000
70,https://jich.tih2.eu.org/clash/proxies,1/0/214
71,http://23.105.208.11/clash/proxies,2/0/223
72,http://64.110.96.169:8580/clash/proxies,0/0/0
73,https://pxypool.131433.xyz/clash/proxies,0/0/37
74,http://141.147.161.50:12580/clash/proxies,3/0/228
75,http://140.238.31.152:12580/clash/proxies,4/0/102
76,http://66.42.50.118:12580/clash/proxies,15/0/172
77,https://raw.githubusercontent.com/asdsadsddas123/freevpn/refs/heads/main/README.md,90/0/95

Total,,13953/39/25229
